[{"model": "contenttypes.contenttype", "pk": 1, "fields": {"app_label": "admin", "model": "logentry"}}, {"model": "contenttypes.contenttype", "pk": 2, "fields": {"app_label": "auth", "model": "permission"}}, {"model": "contenttypes.contenttype", "pk": 3, "fields": {"app_label": "auth", "model": "group"}}, {"model": "contenttypes.contenttype", "pk": 4, "fields": {"app_label": "auth", "model": "user"}}, {"model": "contenttypes.contenttype", "pk": 5, "fields": {"app_label": "contenttypes", "model": "contenttype"}}, {"model": "contenttypes.contenttype", "pk": 6, "fields": {"app_label": "sessions", "model": "session"}}, {"model": "contenttypes.contenttype", "pk": 7, "fields": {"app_label": "population_search", "model": "country"}}, {"model": "contenttypes.contenttype", "pk": 8, "fields": {"app_label": "population_search", "model": "populationsearch"}}, {"model": "contenttypes.contenttype", "pk": 9, "fields": {"app_label": "population_search", "model": "cityorstate"}}, {"model": "sessions.session", "pk": "63pgcp14k2ih4hchnlvltqcvjuef921g", "fields": {"session_data": "ZjgxMzA0ZjIxNTNjMjI4ZGU2MjYyOGU3N2Y2YTlmY2Q2N2M3YTU3Mzp7Il9hdXRoX3VzZXJfaWQiOiIxIiwiX2F1dGhfdXNlcl9iYWNrZW5kIjoiZGphbmdvLmNvbnRyaWIuYXV0aC5iYWNrZW5kcy5Nb2RlbEJhY2tlbmQiLCJfYXV0aF91c2VyX2hhc2giOiJiM2JhMWY0ZDEwNTFlNzg4YjAxM2I1NDcxZjJhMmY0ZGZjOTZjNGM5In0=", "expire_date": "2019-11-13T06:04:20.574Z"}}, {"model": "sessions.session", "pk": "aiw153c2x1047bz2k8fwdvh5lpy49ojf", "fields": {"session_data": "ZjgxMzA0ZjIxNTNjMjI4ZGU2MjYyOGU3N2Y2YTlmY2Q2N2M3YTU3Mzp7Il9hdXRoX3VzZXJfaWQiOiIxIiwiX2F1dGhfdXNlcl9iYWNrZW5kIjoiZGphbmdvLmNvbnRyaWIuYXV0aC5iYWNrZW5kcy5Nb2RlbEJhY2tlbmQiLCJfYXV0aF91c2VyX2hhc2giOiJiM2JhMWY0ZDEwNTFlNzg4YjAxM2I1NDcxZjJhMmY0ZGZjOTZjNGM5In0=", "expire_date": "2019-11-15T06:09:50.737Z"}}, {"model": "sessions.session", "pk": "d5kkltbckeiuo3ohz223gdkuj74dgvb3", "fields": {"session_data": "ZjgxMzA0ZjIxNTNjMjI4ZGU2MjYyOGU3N2Y2YTlmY2Q2N2M3YTU3Mzp7Il9hdXRoX3VzZXJfaWQiOiIxIiwiX2F1dGhfdXNlcl9iYWNrZW5kIjoiZGphbmdvLmNvbnRyaWIuYXV0aC5iYWNrZW5kcy5Nb2RlbEJhY2tlbmQiLCJfYXV0aF91c2VyX2hhc2giOiJiM2JhMWY0ZDEwNTFlNzg4YjAxM2I1NDcxZjJhMmY0ZGZjOTZjNGM5In0=", "expire_date": "2019-11-07T15:30:54.722Z"}}, {"model": "sessions.session", "pk": "jkou5jf71p4x4ggfgzsoeacvos0aqfk6", "fields": {"session_data": "ZWNmYjQ4Y2JiZmZlNmE4ZWFiOWRhZjA4YzZkNDdhN2I1MDY0MjNlYjp7Il9hdXRoX3VzZXJfaWQiOiIyIiwiX2F1dGhfdXNlcl9iYWNrZW5kIjoiZGphbmdvLmNvbnRyaWIuYXV0aC5iYWNrZW5kcy5Nb2RlbEJhY2tlbmQiLCJfYXV0aF91c2VyX2hhc2giOiIzODIyZmJiYjU3YTRjMjBlN2Y5MzQ1YjEzMDZiMzBlMDBiYzlmMmUwIn0=", "expire_date": "2019-11-15T08:30:46.037Z"}}, {"model": "sessions.session", "pk": "l74o84qduyaibio4jh5wsh1i3kk4rsua", "fields": {"session_data": "ZWNmYjQ4Y2JiZmZlNmE4ZWFiOWRhZjA4YzZkNDdhN2I1MDY0MjNlYjp7Il9hdXRoX3VzZXJfaWQiOiIyIiwiX2F1dGhfdXNlcl9iYWNrZW5kIjoiZGphbmdvLmNvbnRyaWIuYXV0aC5iYWNrZW5kcy5Nb2RlbEJhY2tlbmQiLCJfYXV0aF91c2VyX2hhc2giOiIzODIyZmJiYjU3YTRjMjBlN2Y5MzQ1YjEzMDZiMzBlMDBiYzlmMmUwIn0=", "expire_date": "2019-11-15T08:30:58.544Z"}}, {"model": "sessions.session", "pk": "pmujsonkgtczurybhuerbbh6cjfgut7i", "fields": {"session_data": "ZWNmYjQ4Y2JiZmZlNmE4ZWFiOWRhZjA4YzZkNDdhN2I1MDY0MjNlYjp7Il9hdXRoX3VzZXJfaWQiOiIyIiwiX2F1dGhfdXNlcl9iYWNrZW5kIjoiZGphbmdvLmNvbnRyaWIuYXV0aC5iYWNrZW5kcy5Nb2RlbEJhY2tlbmQiLCJfYXV0aF91c2VyX2hhc2giOiIzODIyZmJiYjU3YTRjMjBlN2Y5MzQ1YjEzMDZiMzBlMDBiYzlmMmUwIn0=", "expire_date": "2019-11-15T08:30:59.519Z"}}, {"model": "sessions.session", "pk": "xqqk4fwlzhssjex0hxjow3fcgjskg3r0", "fields": {"session_data": "ZWNmYjQ4Y2JiZmZlNmE4ZWFiOWRhZjA4YzZkNDdhN2I1MDY0MjNlYjp7Il9hdXRoX3VzZXJfaWQiOiIyIiwiX2F1dGhfdXNlcl9iYWNrZW5kIjoiZGphbmdvLmNvbnRyaWIuYXV0aC5iYWNrZW5kcy5Nb2RlbEJhY2tlbmQiLCJfYXV0aF91c2VyX2hhc2giOiIzODIyZmJiYjU3YTRjMjBlN2Y5MzQ1YjEzMDZiMzBlMDBiYzlmMmUwIn0=", "expire_date": "2019-11-15T08:30:52.236Z"}}, {"model": "population_search.country", "pk": "4ef61ce6-ed4e-498b-884c-697014ded329", "fields": {"created_at": "2019-11-01T08:31:26.354Z", "updated_at": "2019-11-01T08:31:26.354Z", "name": "England"}}, {"model": "population_search.country", "pk": "542324b4-6155-4101-bbb2-91e76e994481", "fields": {"created_at": "2019-11-01T08:31:38.232Z", "updated_at": "2019-11-01T08:31:38.232Z", "name": "C\u00f4te d'Ivoire"}}, {"model": "population_search.country", "pk": "89fb69b4-01a4-44c2-81c3-e6c610967937", "fields": {"created_at": "2019-11-01T08:31:15.903Z", "updated_at": "2019-11-01T08:31:15.903Z", "name": "Nepal"}}, {"model": "population_search.country", "pk": "e6a72f82-aa8e-4ebb-8274-8a88ef3abc6e", "fields": {"created_at": "2019-11-01T08:31:26.337Z", "updated_at": "2019-11-01T08:31:26.338Z", "name": "USA"}}, {"model": "population_search.cityorstate", "pk": "050559e7-3d8f-4c49-b444-ec585d973a0c", "fields": {"created_at": "2019-11-01T08:33:16.811Z", "updated_at": "2019-11-01T08:33:16.811Z", "country": "4ef61ce6-ed4e-498b-884c-697014ded329", "city_or_state": "Liverpool"}}, {"model": "population_search.cityorstate", "pk": "1a21bec0-880f-4c28-96f8-d5a3c55110a3", "fields": {"created_at": "2019-11-01T08:32:56.526Z", "updated_at": "2019-11-01T08:32:56.526Z", "country": "e6a72f82-aa8e-4ebb-8274-8a88ef3abc6e", "city_or_state": "south dakota"}}, {"model": "population_search.cityorstate", "pk": "605ff6ba-7871-4455-8d14-1f12aeca3154", "fields": {"created_at": "2019-11-01T08:33:57.559Z", "updated_at": "2019-11-01T08:33:57.559Z", "country": "542324b4-6155-4101-bbb2-91e76e994481", "city_or_state": "Abidjan"}}, {"model": "population_search.cityorstate", "pk": "625aed18-9fcd-4a64-8fb8-7f75bfba9dff", "fields": {"created_at": "2019-11-01T08:32:08.987Z", "updated_at": "2019-11-01T08:32:08.987Z", "country": "89fb69b4-01a4-44c2-81c3-e6c610967937", "city_or_state": "Kathmandu"}}, {"model": "population_search.cityorstate", "pk": "73baeaee-3396-43a2-b821-b56e6cd250cc", "fields": {"created_at": "2019-11-01T08:32:16.076Z", "updated_at": "2019-11-01T08:32:16.076Z", "country": "89fb69b4-01a4-44c2-81c3-e6c610967937", "city_or_state": "Pokhara"}}, {"model": "population_search.cityorstate", "pk": "78ab142a-3ca0-4220-b437-72e382ac6e10", "fields": {"created_at": "2019-11-01T08:32:34.476Z", "updated_at": "2019-11-01T08:32:34.476Z", "country": "542324b4-6155-4101-bbb2-91e76e994481", "city_or_state": "San-Pedro"}}, {"model": "population_search.cityorstate", "pk": "792f4133-4246-4828-afc2-3917dc5bb8f0", "fields": {"created_at": "2019-11-01T08:32:16.844Z", "updated_at": "2019-11-01T08:32:16.844Z", "country": "4ef61ce6-ed4e-498b-884c-697014ded329", "city_or_state": "London"}}, {"model": "population_search.cityorstate", "pk": "8589c067-fee7-4429-87bc-8f174a5fb6d5", "fields": {"created_at": "2019-11-01T08:32:34.505Z", "updated_at": "2019-11-01T08:32:34.505Z", "country": "89fb69b4-01a4-44c2-81c3-e6c610967937", "city_or_state": "Butawal"}}, {"model": "population_search.cityorstate", "pk": "9dff0121-e2e6-4636-9ed7-afeeb40345a2", "fields": {"created_at": "2019-11-01T08:33:04.526Z", "updated_at": "2019-11-01T08:33:31.426Z", "country": "542324b4-6155-4101-bbb2-91e76e994481", "city_or_state": "Korhogo"}}, {"model": "population_search.cityorstate", "pk": "9f76b9b0-9935-4ad9-8691-274c4fdd06e6", "fields": {"created_at": "2019-11-01T08:32:51.628Z", "updated_at": "2019-11-01T08:32:51.628Z", "country": "542324b4-6155-4101-bbb2-91e76e994481", "city_or_state": "Yamoussoukro"}}, {"model": "population_search.cityorstate", "pk": "ca153c62-529f-4063-aa37-d1f9cfb91036", "fields": {"created_at": "2019-11-01T08:32:24.581Z", "updated_at": "2019-11-01T08:32:24.581Z", "country": "e6a72f82-aa8e-4ebb-8274-8a88ef3abc6e", "city_or_state": "alaska"}}, {"model": "population_search.cityorstate", "pk": "cdb5a158-f74a-409f-8376-955c81271c38", "fields": {"created_at": "2019-11-01T08:33:07.916Z", "updated_at": "2019-11-01T08:33:07.916Z", "country": "e6a72f82-aa8e-4ebb-8274-8a88ef3abc6e", "city_or_state": "doha"}}, {"model": "population_search.cityorstate", "pk": "d57c3a2c-fb04-4a39-b4fb-b3d060489596", "fields": {"created_at": "2019-11-01T08:32:37.558Z", "updated_at": "2019-11-01T08:32:37.558Z", "country": "e6a72f82-aa8e-4ebb-8274-8a88ef3abc6e", "city_or_state": "california"}}, {"model": "population_search.cityorstate", "pk": "e24cf8fe-315e-4f70-b0f1-1d896fd80594", "fields": {"created_at": "2019-11-01T08:32:24.998Z", "updated_at": "2019-11-01T08:32:24.998Z", "country": "89fb69b4-01a4-44c2-81c3-e6c610967937", "city_or_state": "Biratnagar"}}, {"model": "population_search.cityorstate", "pk": "ec7cf2ae-fbde-4a3c-8d51-84381f7019d9", "fields": {"created_at": "2019-11-01T08:32:34.082Z", "updated_at": "2019-11-01T08:32:34.082Z", "country": "4ef61ce6-ed4e-498b-884c-697014ded329", "city_or_state": "Reading"}}, {"model": "population_search.cityorstate", "pk": "f7e82075-d332-4a79-9122-b8c46e813c03", "fields": {"created_at": "2019-11-01T08:33:06.007Z", "updated_at": "2019-11-01T08:33:06.007Z", "country": "4ef61ce6-ed4e-498b-884c-697014ded329", "city_or_state": "Manchester"}}, {"model": "population_search.populationsearch", "pk": "02728f2f-53b3-49fa-903a-3e52da73c247", "fields": {"created_at": "2019-11-01T08:35:39.944Z", "updated_at": "2019-11-01T08:35:39.944Z", "group": "ol", "country": "89fb69b4-01a4-44c2-81c3-e6c610967937", "city_or_state": "625aed18-9fcd-4a64-8fb8-7f75bfba9dff", "no_of_male": 14000, "no_of_female": 16000}}, {"model": "population_search.populationsearch", "pk": "03eb0c37-9b4e-47bc-aa09-866127cd32bd", "fields": {"created_at": "2019-11-01T08:38:48.286Z", "updated_at": "2019-11-01T08:38:48.286Z", "group": "yo", "country": "4ef61ce6-ed4e-498b-884c-697014ded329", "city_or_state": "050559e7-3d8f-4c49-b444-ec585d973a0c", "no_of_male": 5646546, "no_of_female": 4654646}}, {"model": "population_search.populationsearch", "pk": "065b5493-cbe9-4554-b780-e1522523589e", "fields": {"created_at": "2019-11-01T08:38:30.455Z", "updated_at": "2019-11-01T08:38:30.455Z", "group": "ol", "country": "89fb69b4-01a4-44c2-81c3-e6c610967937", "city_or_state": "8589c067-fee7-4429-87bc-8f174a5fb6d5", "no_of_male": 6000, "no_of_female": 5400}}, {"model": "population_search.populationsearch", "pk": "14c9f71f-4446-46c0-b248-cb0c8c7bcaa0", "fields": {"created_at": "2019-11-01T08:36:28.935Z", "updated_at": "2019-11-01T08:36:28.935Z", "group": "ch", "country": "e6a72f82-aa8e-4ebb-8274-8a88ef3abc6e", "city_or_state": "ca153c62-529f-4063-aa37-d1f9cfb91036", "no_of_male": 23454, "no_of_female": 34535}}, {"model": "population_search.populationsearch", "pk": "22993589-4f6c-4144-adf6-a6fd03c19526", "fields": {"created_at": "2019-11-01T08:37:58.363Z", "updated_at": "2019-11-01T08:37:58.363Z", "group": "ch", "country": "e6a72f82-aa8e-4ebb-8274-8a88ef3abc6e", "city_or_state": "1a21bec0-880f-4c28-96f8-d5a3c55110a3", "no_of_male": 56757, "no_of_female": 456746}}, {"model": "population_search.populationsearch", "pk": "28760302-9245-47f1-87f1-9569752c75c1", "fields": {"created_at": "2019-11-01T08:38:50.482Z", "updated_at": "2019-11-01T08:38:50.482Z", "group": "ch", "country": "e6a72f82-aa8e-4ebb-8274-8a88ef3abc6e", "city_or_state": "cdb5a158-f74a-409f-8376-955c81271c38", "no_of_male": 3345, "no_of_female": 3466}}, {"model": "population_search.populationsearch", "pk": "2bc370ee-839a-4b55-ae21-213e63a076e9", "fields": {"created_at": "2019-11-01T08:38:06.458Z", "updated_at": "2019-11-01T08:38:06.458Z", "group": "ol", "country": "542324b4-6155-4101-bbb2-91e76e994481", "city_or_state": "9dff0121-e2e6-4636-9ed7-afeeb40345a2", "no_of_male": 33258, "no_of_female": 15684}}, {"model": "population_search.populationsearch", "pk": "2e2cc18e-ecf4-496e-bd45-a3307ac244e6", "fields": {"created_at": "2019-11-01T08:37:31.218Z", "updated_at": "2019-11-01T08:37:31.218Z", "group": "ol", "country": "e6a72f82-aa8e-4ebb-8274-8a88ef3abc6e", "city_or_state": "1a21bec0-880f-4c28-96f8-d5a3c55110a3", "no_of_male": 3465, "no_of_female": 3455}}, {"model": "population_search.populationsearch", "pk": "4280b79f-e2b6-45c4-a161-075093b5f6a4", "fields": {"created_at": "2019-11-01T08:36:46.990Z", "updated_at": "2019-11-01T08:36:46.990Z", "group": "ch", "country": "89fb69b4-01a4-44c2-81c3-e6c610967937", "city_or_state": "625aed18-9fcd-4a64-8fb8-7f75bfba9dff", "no_of_male": 2000, "no_of_female": 3000}}, {"model": "population_search.populationsearch", "pk": "571e34db-0a51-4c63-98f2-c0dca3abf342", "fields": {"created_at": "2019-11-01T08:36:14.426Z", "updated_at": "2019-11-01T08:36:14.426Z", "group": "yo", "country": "e6a72f82-aa8e-4ebb-8274-8a88ef3abc6e", "city_or_state": "ca153c62-529f-4063-aa37-d1f9cfb91036", "no_of_male": 234, "no_of_female": 456}}, {"model": "population_search.populationsearch", "pk": "583e0ced-1ab8-4462-a5df-026129fbf3d0", "fields": {"created_at": "2019-11-01T08:35:59.887Z", "updated_at": "2019-11-01T08:35:59.887Z", "group": "ol", "country": "e6a72f82-aa8e-4ebb-8274-8a88ef3abc6e", "city_or_state": "ca153c62-529f-4063-aa37-d1f9cfb91036", "no_of_male": 200, "no_of_female": 100}}, {"model": "population_search.populationsearch", "pk": "62328070-4b7c-4aa6-8173-1c5593f612ef", "fields": {"created_at": "2019-11-01T08:37:56.337Z", "updated_at": "2019-11-01T08:37:56.337Z", "group": "ol", "country": "89fb69b4-01a4-44c2-81c3-e6c610967937", "city_or_state": "e24cf8fe-315e-4f70-b0f1-1d896fd80594", "no_of_male": 4000, "no_of_female": 5000}}, {"model": "population_search.populationsearch", "pk": "6649c448-df5e-4a77-a300-edbd39c70f95", "fields": {"created_at": "2019-11-01T08:36:05.660Z", "updated_at": "2019-11-01T08:36:05.660Z", "group": "yo", "country": "4ef61ce6-ed4e-498b-884c-697014ded329", "city_or_state": "792f4133-4246-4828-afc2-3917dc5bb8f0", "no_of_male": 3000, "no_of_female": 2500}}, {"model": "population_search.populationsearch", "pk": "68c2726a-5bee-4768-a673-7f0228f91191", "fields": {"created_at": "2019-11-01T08:38:35.592Z", "updated_at": "2019-11-01T08:38:35.592Z", "group": "ol", "country": "4ef61ce6-ed4e-498b-884c-697014ded329", "city_or_state": "050559e7-3d8f-4c49-b444-ec585d973a0c", "no_of_male": 5416546, "no_of_female": 13165454}}, {"model": "population_search.populationsearch", "pk": "7260e9da-f11f-4ce9-9feb-2b7bb86ec69a", "fields": {"created_at": "2019-11-01T08:36:34.390Z", "updated_at": "2019-11-01T08:36:34.390Z", "group": "yo", "country": "89fb69b4-01a4-44c2-81c3-e6c610967937", "city_or_state": "625aed18-9fcd-4a64-8fb8-7f75bfba9dff", "no_of_male": 6000, "no_of_female": 5600}}, {"model": "population_search.populationsearch", "pk": "7c8e67dc-a2e0-4546-b411-d99d1ee98004", "fields": {"created_at": "2019-11-01T08:35:52.887Z", "updated_at": "2019-11-01T08:35:52.887Z", "group": "ch", "country": "542324b4-6155-4101-bbb2-91e76e994481", "city_or_state": "78ab142a-3ca0-4220-b437-72e382ac6e10", "no_of_male": 123546, "no_of_female": 54896}}, {"model": "population_search.populationsearch", "pk": "7f9f9b0c-0883-4243-a250-a3252616692a", "fields": {"created_at": "2019-11-01T08:37:13.815Z", "updated_at": "2019-11-01T08:37:13.815Z", "group": "ol", "country": "542324b4-6155-4101-bbb2-91e76e994481", "city_or_state": "9f76b9b0-9935-4ad9-8691-274c4fdd06e6", "no_of_male": 3265, "no_of_female": 3548}}, {"model": "population_search.populationsearch", "pk": "813995b7-e025-40e4-9d20-f9c7a14e81e9", "fields": {"created_at": "2019-11-01T08:38:26.026Z", "updated_at": "2019-11-01T08:38:26.026Z", "group": "ch", "country": "542324b4-6155-4101-bbb2-91e76e994481", "city_or_state": "605ff6ba-7871-4455-8d14-1f12aeca3154", "no_of_male": 45665, "no_of_female": 56465}}, {"model": "population_search.populationsearch", "pk": "89e59344-eca5-4e51-9e42-54a3c5edbd03", "fields": {"created_at": "2019-11-01T08:38:08.127Z", "updated_at": "2019-11-01T08:38:08.127Z", "group": "ch", "country": "4ef61ce6-ed4e-498b-884c-697014ded329", "city_or_state": "f7e82075-d332-4a79-9122-b8c46e813c03", "no_of_male": 321654651, "no_of_female": 1656546}}, {"model": "population_search.populationsearch", "pk": "8dd22ef9-ad00-4b9c-a201-495c8e890aae", "fields": {"created_at": "2019-11-01T08:37:44.143Z", "updated_at": "2019-11-01T08:37:44.143Z", "group": "ch", "country": "89fb69b4-01a4-44c2-81c3-e6c610967937", "city_or_state": "73baeaee-3396-43a2-b821-b56e6cd250cc", "no_of_male": 6000, "no_of_female": 3200}}, {"model": "population_search.populationsearch", "pk": "921cf1df-f24a-4fe7-886a-6738d6d1b4be", "fields": {"created_at": "2019-11-01T08:36:47.445Z", "updated_at": "2019-11-01T08:36:47.445Z", "group": "ch", "country": "542324b4-6155-4101-bbb2-91e76e994481", "city_or_state": "9f76b9b0-9935-4ad9-8691-274c4fdd06e6", "no_of_male": 32658, "no_of_female": 23658}}, {"model": "population_search.populationsearch", "pk": "968b0a39-adfe-4ac2-a2e0-a109513969af", "fields": {"created_at": "2019-11-01T08:38:38.745Z", "updated_at": "2019-11-01T08:38:38.745Z", "group": "yo", "country": "e6a72f82-aa8e-4ebb-8274-8a88ef3abc6e", "city_or_state": "cdb5a158-f74a-409f-8376-955c81271c38", "no_of_male": 2344, "no_of_female": 2352}}, {"model": "population_search.populationsearch", "pk": "99c771b2-80f5-4492-bec9-65c673c35f3b", "fields": {"created_at": "2019-11-01T08:38:09.070Z", "updated_at": "2019-11-01T08:38:09.070Z", "group": "yo", "country": "89fb69b4-01a4-44c2-81c3-e6c610967937", "city_or_state": "e24cf8fe-315e-4f70-b0f1-1d896fd80594", "no_of_male": 6000, "no_of_female": 9700}}, {"model": "population_search.populationsearch", "pk": "af6b3b2b-8b8d-4436-bd43-13bb4369c177", "fields": {"created_at": "2019-11-01T08:37:02.163Z", "updated_at": "2019-11-01T08:37:02.163Z", "group": "yo", "country": "e6a72f82-aa8e-4ebb-8274-8a88ef3abc6e", "city_or_state": "d57c3a2c-fb04-4a39-b4fb-b3d060489596", "no_of_male": 124, "no_of_female": 3453}}, {"model": "population_search.populationsearch", "pk": "b0a293ae-f5b4-4d30-a08b-d26cd9db96d9", "fields": {"created_at": "2019-11-01T08:38:11.259Z", "updated_at": "2019-11-01T08:38:11.259Z", "group": "ol", "country": "e6a72f82-aa8e-4ebb-8274-8a88ef3abc6e", "city_or_state": "cdb5a158-f74a-409f-8376-955c81271c38", "no_of_male": 234, "no_of_female": 454356}}, {"model": "population_search.populationsearch", "pk": "b5a0ad28-9444-4f83-9383-2622aa9f5a7e", "fields": {"created_at": "2019-11-01T08:35:38.485Z", "updated_at": "2019-11-01T08:35:38.485Z", "group": "ol", "country": "4ef61ce6-ed4e-498b-884c-697014ded329", "city_or_state": "792f4133-4246-4828-afc2-3917dc5bb8f0", "no_of_male": 1000, "no_of_female": 1000}}, {"model": "population_search.populationsearch", "pk": "b69e777b-640f-4e12-a1ab-ffb6e6a0aa96", "fields": {"created_at": "2019-11-01T08:36:14.569Z", "updated_at": "2019-11-01T08:36:14.569Z", "group": "yo", "country": "542324b4-6155-4101-bbb2-91e76e994481", "city_or_state": "78ab142a-3ca0-4220-b437-72e382ac6e10", "no_of_male": 65987, "no_of_female": 95684}}, {"model": "population_search.populationsearch", "pk": "c21f0df7-b3a3-43ac-aac6-4f06e4a9ae4d", "fields": {"created_at": "2019-11-01T08:37:51.572Z", "updated_at": "2019-11-01T08:37:51.572Z", "group": "yo", "country": "542324b4-6155-4101-bbb2-91e76e994481", "city_or_state": "9dff0121-e2e6-4636-9ed7-afeeb40345a2", "no_of_male": 32658, "no_of_female": 56481}}, {"model": "population_search.populationsearch", "pk": "c314f641-a08c-4fce-91d0-8aa36589f1bd", "fields": {"created_at": "2019-11-01T08:37:45.723Z", "updated_at": "2019-11-01T08:37:45.724Z", "group": "yo", "country": "e6a72f82-aa8e-4ebb-8274-8a88ef3abc6e", "city_or_state": "1a21bec0-880f-4c28-96f8-d5a3c55110a3", "no_of_male": 1112, "no_of_female": 234}}, {"model": "population_search.populationsearch", "pk": "c68e121e-cf5d-4fbc-88ec-c002329df278", "fields": {"created_at": "2019-11-01T08:37:32.894Z", "updated_at": "2019-11-01T08:37:32.894Z", "group": "yo", "country": "89fb69b4-01a4-44c2-81c3-e6c610967937", "city_or_state": "73baeaee-3396-43a2-b821-b56e6cd250cc", "no_of_male": 7000, "no_of_female": 9000}}, {"model": "population_search.populationsearch", "pk": "caa3fc30-4ceb-45ba-bb03-8b583444c0cf", "fields": {"created_at": "2019-11-01T08:38:59.853Z", "updated_at": "2019-11-01T08:38:59.853Z", "group": "ch", "country": "89fb69b4-01a4-44c2-81c3-e6c610967937", "city_or_state": "8589c067-fee7-4429-87bc-8f174a5fb6d5", "no_of_male": 6485, "no_of_female": 5648}}, {"model": "population_search.populationsearch", "pk": "caf3c620-2e61-4180-94ef-628c9a100ed9", "fields": {"created_at": "2019-11-01T08:36:32.016Z", "updated_at": "2019-11-01T08:36:32.016Z", "group": "ol", "country": "542324b4-6155-4101-bbb2-91e76e994481", "city_or_state": "78ab142a-3ca0-4220-b437-72e382ac6e10", "no_of_male": 2365, "no_of_female": 5689}}, {"model": "population_search.populationsearch", "pk": "cfff08be-119d-4840-ac18-49dd2e50ba06", "fields": {"created_at": "2019-11-01T08:37:17.482Z", "updated_at": "2019-11-01T08:37:17.482Z", "group": "ch", "country": "e6a72f82-aa8e-4ebb-8274-8a88ef3abc6e", "city_or_state": "d57c3a2c-fb04-4a39-b4fb-b3d060489596", "no_of_male": 7686, "no_of_female": 6789}}, {"model": "population_search.populationsearch", "pk": "d061cc97-34e4-4808-95fc-92627ad0702a", "fields": {"created_at": "2019-11-01T08:36:47.216Z", "updated_at": "2019-11-01T08:36:47.216Z", "group": "ol", "country": "e6a72f82-aa8e-4ebb-8274-8a88ef3abc6e", "city_or_state": "d57c3a2c-fb04-4a39-b4fb-b3d060489596", "no_of_male": 3333, "no_of_female": 4444}}, {"model": "population_search.populationsearch", "pk": "d5335328-ee0e-43b9-8e30-2e1ed692140c", "fields": {"created_at": "2019-11-01T08:38:19.953Z", "updated_at": "2019-11-01T08:38:19.953Z", "group": "ch", "country": "89fb69b4-01a4-44c2-81c3-e6c610967937", "city_or_state": "e24cf8fe-315e-4f70-b0f1-1d896fd80594", "no_of_male": 3000, "no_of_female": 3200}}, {"model": "population_search.populationsearch", "pk": "d83c4d13-8dc2-45f8-ac15-9f718087dd9d", "fields": {"created_at": "2019-11-01T08:38:41.406Z", "updated_at": "2019-11-01T08:38:41.406Z", "group": "yo", "country": "542324b4-6155-4101-bbb2-91e76e994481", "city_or_state": "605ff6ba-7871-4455-8d14-1f12aeca3154", "no_of_male": 32658, "no_of_female": 23586}}, {"model": "population_search.populationsearch", "pk": "da555786-7454-439b-8b7e-da49972f0856", "fields": {"created_at": "2019-11-01T08:39:02.518Z", "updated_at": "2019-11-01T08:39:02.518Z", "group": "ch", "country": "4ef61ce6-ed4e-498b-884c-697014ded329", "city_or_state": "050559e7-3d8f-4c49-b444-ec585d973a0c", "no_of_male": 65465465, "no_of_female": 2165454}}, {"model": "population_search.populationsearch", "pk": "ddf64069-0222-4915-9209-c65e536d9f89", "fields": {"created_at": "2019-11-01T08:38:55.082Z", "updated_at": "2019-11-01T08:40:22.849Z", "group": "ol", "country": "542324b4-6155-4101-bbb2-91e76e994481", "city_or_state": "605ff6ba-7871-4455-8d14-1f12aeca3154", "no_of_male": 1125000, "no_of_female": 451454}}, {"model": "population_search.populationsearch", "pk": "dea048d3-cfd7-4d93-9932-2b61f644e177", "fields": {"created_at": "2019-11-01T08:36:49.608Z", "updated_at": "2019-11-01T08:36:49.608Z", "group": "ol", "country": "4ef61ce6-ed4e-498b-884c-697014ded329", "city_or_state": "ec7cf2ae-fbde-4a3c-8d51-84381f7019d9", "no_of_male": 2564654, "no_of_female": 46846516}}, {"model": "population_search.populationsearch", "pk": "e13045e0-9479-4207-97ac-01b454251ea6", "fields": {"created_at": "2019-11-01T08:37:00.888Z", "updated_at": "2019-11-01T08:37:00.888Z", "group": "yo", "country": "542324b4-6155-4101-bbb2-91e76e994481", "city_or_state": "9f76b9b0-9935-4ad9-8691-274c4fdd06e6", "no_of_male": 56845, "no_of_female": 23569}}, {"model": "population_search.populationsearch", "pk": "e2654feb-2f28-4b00-bc78-15be7638b25c", "fields": {"created_at": "2019-11-01T08:37:37.490Z", "updated_at": "2019-11-01T08:37:37.490Z", "group": "ch", "country": "542324b4-6155-4101-bbb2-91e76e994481", "city_or_state": "9dff0121-e2e6-4636-9ed7-afeeb40345a2", "no_of_male": 36595, "no_of_female": 23518}}, {"model": "population_search.populationsearch", "pk": "e6be5c9b-0e41-47f0-bcbe-b558fc78a6ef", "fields": {"created_at": "2019-11-01T08:36:35.551Z", "updated_at": "2019-11-01T08:36:35.551Z", "group": "ch", "country": "4ef61ce6-ed4e-498b-884c-697014ded329", "city_or_state": "792f4133-4246-4828-afc2-3917dc5bb8f0", "no_of_male": 100000, "no_of_female": 98000}}, {"model": "population_search.populationsearch", "pk": "ed0e5199-c350-4b56-b62f-28a9c9a9d6fa", "fields": {"created_at": "2019-11-01T08:37:17.841Z", "updated_at": "2019-11-01T08:37:17.841Z", "group": "ol", "country": "89fb69b4-01a4-44c2-81c3-e6c610967937", "city_or_state": "73baeaee-3396-43a2-b821-b56e6cd250cc", "no_of_male": 5000, "no_of_female": 4500}}, {"model": "population_search.populationsearch", "pk": "ed932cd5-20dc-42e0-b6ba-dcd31b13493d", "fields": {"created_at": "2019-11-01T08:37:02.886Z", "updated_at": "2019-11-01T08:37:02.886Z", "group": "yo", "country": "4ef61ce6-ed4e-498b-884c-697014ded329", "city_or_state": "ec7cf2ae-fbde-4a3c-8d51-84381f7019d9", "no_of_male": 65461321, "no_of_female": 6549846}}, {"model": "population_search.populationsearch", "pk": "ef2ef9c3-b736-4b49-8aaf-5b20f6dc1e13", "fields": {"created_at": "2019-11-01T08:38:42.007Z", "updated_at": "2019-11-01T08:38:42.007Z", "group": "yo", "country": "89fb69b4-01a4-44c2-81c3-e6c610967937", "city_or_state": "8589c067-fee7-4429-87bc-8f174a5fb6d5", "no_of_male": 6540, "no_of_female": 5641}}, {"model": "population_search.populationsearch", "pk": "efa55566-7a04-49fa-b036-3ec46803b79c", "fields": {"created_at": "2019-11-01T08:37:38.806Z", "updated_at": "2019-11-01T08:37:38.806Z", "group": "ol", "country": "4ef61ce6-ed4e-498b-884c-697014ded329", "city_or_state": "f7e82075-d332-4a79-9122-b8c46e813c03", "no_of_male": 454987987, "no_of_female": 561654}}, {"model": "population_search.populationsearch", "pk": "f4c9d8be-ae3a-48b5-9a0d-c9d269c4665d", "fields": {"created_at": "2019-11-01T08:37:54.264Z", "updated_at": "2019-11-01T08:37:54.264Z", "group": "yo", "country": "4ef61ce6-ed4e-498b-884c-697014ded329", "city_or_state": "f7e82075-d332-4a79-9122-b8c46e813c03", "no_of_male": 32989841, "no_of_female": 44565165}}, {"model": "population_search.populationsearch", "pk": "f6dc0554-b29e-48d1-a4cc-51e50553c50a", "fields": {"created_at": "2019-11-01T08:37:17.838Z", "updated_at": "2019-11-01T08:37:17.838Z", "group": "ch", "country": "4ef61ce6-ed4e-498b-884c-697014ded329", "city_or_state": "ec7cf2ae-fbde-4a3c-8d51-84381f7019d9", "no_of_male": 654654351, "no_of_female": 16544982}}, {"model": "auth.permission", "pk": 1, "fields": {"name": "Can add log entry", "content_type": 1, "codename": "add_logentry"}}, {"model": "auth.permission", "pk": 2, "fields": {"name": "Can change log entry", "content_type": 1, "codename": "change_logentry"}}, {"model": "auth.permission", "pk": 3, "fields": {"name": "Can delete log entry", "content_type": 1, "codename": "delete_logentry"}}, {"model": "auth.permission", "pk": 4, "fields": {"name": "Can view log entry", "content_type": 1, "codename": "view_logentry"}}, {"model": "auth.permission", "pk": 5, "fields": {"name": "Can add permission", "content_type": 2, "codename": "add_permission"}}, {"model": "auth.permission", "pk": 6, "fields": {"name": "Can change permission", "content_type": 2, "codename": "change_permission"}}, {"model": "auth.permission", "pk": 7, "fields": {"name": "Can delete permission", "content_type": 2, "codename": "delete_permission"}}, {"model": "auth.permission", "pk": 8, "fields": {"name": "Can view permission", "content_type": 2, "codename": "view_permission"}}, {"model": "auth.permission", "pk": 9, "fields": {"name": "Can add group", "content_type": 3, "codename": "add_group"}}, {"model": "auth.permission", "pk": 10, "fields": {"name": "Can change group", "content_type": 3, "codename": "change_group"}}, {"model": "auth.permission", "pk": 11, "fields": {"name": "Can delete group", "content_type": 3, "codename": "delete_group"}}, {"model": "auth.permission", "pk": 12, "fields": {"name": "Can view group", "content_type": 3, "codename": "view_group"}}, {"model": "auth.permission", "pk": 13, "fields": {"name": "Can add user", "content_type": 4, "codename": "add_user"}}, {"model": "auth.permission", "pk": 14, "fields": {"name": "Can change user", "content_type": 4, "codename": "change_user"}}, {"model": "auth.permission", "pk": 15, "fields": {"name": "Can delete user", "content_type": 4, "codename": "delete_user"}}, {"model": "auth.permission", "pk": 16, "fields": {"name": "Can view user", "content_type": 4, "codename": "view_user"}}, {"model": "auth.permission", "pk": 17, "fields": {"name": "Can add content type", "content_type": 5, "codename": "add_contenttype"}}, {"model": "auth.permission", "pk": 18, "fields": {"name": "Can change content type", "content_type": 5, "codename": "change_contenttype"}}, {"model": "auth.permission", "pk": 19, "fields": {"name": "Can delete content type", "content_type": 5, "codename": "delete_contenttype"}}, {"model": "auth.permission", "pk": 20, "fields": {"name": "Can view content type", "content_type": 5, "codename": "view_contenttype"}}, {"model": "auth.permission", "pk": 21, "fields": {"name": "Can add session", "content_type": 6, "codename": "add_session"}}, {"model": "auth.permission", "pk": 22, "fields": {"name": "Can change session", "content_type": 6, "codename": "change_session"}}, {"model": "auth.permission", "pk": 23, "fields": {"name": "Can delete session", "content_type": 6, "codename": "delete_session"}}, {"model": "auth.permission", "pk": 24, "fields": {"name": "Can view session", "content_type": 6, "codename": "view_session"}}, {"model": "auth.permission", "pk": 25, "fields": {"name": "Can add country", "content_type": 7, "codename": "add_country"}}, {"model": "auth.permission", "pk": 26, "fields": {"name": "Can change country", "content_type": 7, "codename": "change_country"}}, {"model": "auth.permission", "pk": 27, "fields": {"name": "Can delete country", "content_type": 7, "codename": "delete_country"}}, {"model": "auth.permission", "pk": 28, "fields": {"name": "Can view country", "content_type": 7, "codename": "view_country"}}, {"model": "auth.permission", "pk": 29, "fields": {"name": "Can add population search", "content_type": 8, "codename": "add_populationsearch"}}, {"model": "auth.permission", "pk": 30, "fields": {"name": "Can change population search", "content_type": 8, "codename": "change_populationsearch"}}, {"model": "auth.permission", "pk": 31, "fields": {"name": "Can delete population search", "content_type": 8, "codename": "delete_populationsearch"}}, {"model": "auth.permission", "pk": 32, "fields": {"name": "Can view population search", "content_type": 8, "codename": "view_populationsearch"}}, {"model": "auth.permission", "pk": 33, "fields": {"name": "Can add city or state", "content_type": 9, "codename": "add_cityorstate"}}, {"model": "auth.permission", "pk": 34, "fields": {"name": "Can change city or state", "content_type": 9, "codename": "change_cityorstate"}}, {"model": "auth.permission", "pk": 35, "fields": {"name": "Can delete city or state", "content_type": 9, "codename": "delete_cityorstate"}}, {"model": "auth.permission", "pk": 36, "fields": {"name": "Can view city or state", "content_type": 9, "codename": "view_cityorstate"}}, {"model": "auth.user", "pk": 2, "fields": {"password": "pbkdf2_sha256$150000$3Y6zjTLDT8dR$iOFOGth4ad+ufveATkGDK5SegcOWe7sbVgzEMqFn2Pk=", "last_login": "2019-11-01T08:30:59.510Z", "is_superuser": true, "username": "admin", "first_name": "", "last_name": "", "email": "admin@gmail.com", "is_staff": true, "is_active": true, "date_joined": "2019-11-01T08:29:33.770Z", "groups": [], "user_permissions": []}}]